title,provider,award,ects_credits,mode,deadline,start_date,end_date,nfq,ote_flag,skill_area,link,skills
ACCA Diploma in Accounting and Business March 2019,Professional Accountancy Training,ACCA Diploma in Accounting and Business,45,Part Time,2019-03-19,2019-03-20,2020-03-31,6,1,"['business', 'administration', 'law']",https://springboardcourses.ie/details/6574,"business, administration, law"
Certificate in Digital Marketing Saturday ,Dublin Business School,QQI Level 7 Special Purpose Award,40,Part Time,2019-03-29,2019-03-29,2019-10-25,7,1,"['information', 'communication', 'technologies']",https://springboardcourses.ie/details/6571,"information, communication, technologies"
Certificate in Data Protection - WICKLOW CAMPUS(March 2019),"Institute of Technology, Carlow",NFQ Level 8 (10 credit module),10,Part Time,2019-03-06,2019-03-08,2019-03-22,8,1,['services'],https://springboardcourses.ie/details/6570,services
Certificate in Data Protection (March 2019),"Institute of Technology, Carlow",NFQ Level 8 (10 credit module),10,Part Time,2019-03-25,2019-03-27,2019-04-10,8,1,['services'],https://springboardcourses.ie/details/6568,services
"Postgraduate Certificate in Creative Thinking, Innovation & Entrepreneurship (Returners - March 2019)",Trinity College Dublin,"Postgraduate Certificate in Creative Thinking, Innovation and Entrepreneurship",30,Part Time,2019-03-24,2019-03-25,2019-08-09,9,1,"['business', 'administration', 'law']",https://springboardcourses.ie/details/6565,"business, administration, law"
"UCD Postgraduate Certificate in Innovation, Entrepreneurship and Enterprise [March 2019)",University College Dublin,"Graduate Certificate in Innovation, Entrepreneurship and Enterprise ",30,Part Time,2019-03-04,2019-03-25,2019-07-03,9,1,"['generic', 'programmes', 'qualifications']",https://springboardcourses.ie/details/6564,"generic, programmes, qualifications"
"UCD Professional Diploma in Creativity, Innovation and Leadership [March 2019]",University College Dublin,"Professional Diploma in Creativity, Innovation and Leadership ",20,Part Time,2019-03-04,2019-03-27,2019-11-01,9,1,"['business', 'administration', 'law']",https://springboardcourses.ie/details/6563,"business, administration, law"
Entrepreneurs Programme leading to an Advanced Certificate in Management Practice (March 2019),Irish Times Training,Advanced Certificate in Management Practice ,30,Part Time,2019-03-14,2019-03-28,2019-08-01,6,1,"['business', 'administration', 'law']",https://springboardcourses.ie/details/6561,"business, administration, law"
Bachelor of Science in Pharmaceutical Technology January 2019,"Institute of Technology, Tallaght",Bachelor of Science in Pharmaceutical Technology,65,Part Time,2019-02-01,2019-02-04,2020-08-31,7,1,"['natural', 'sciences', 'mathematics', 'statistics']",https://springboardcourses.ie/details/6560,"natural, sciences, mathematics, statistics"
BSc. Honours Computing with Data Analytics (1 year Add on) January 2019,"Institute of Technology, Tallaght",BSc. Honours Computing with Data Analytics,70,Part Time,2019-02-01,2019-02-04,2020-08-31,8,1,"['information', 'communication', 'technologies']",https://springboardcourses.ie/details/6559,"information, communication, technologies"
Postgraduate Certificate in Innovation and Enterprise Development (Cork),Trinity College Dublin,Postgraduate Certificate,30,Part Time,2019-03-08,2019-03-25,2019-08-09,9,1,"['business', 'administration', 'law']",https://springboardcourses.ie/details/6557,"business, administration, law"
Postgraduate Certificate in Innovation and Enterprise Development (Galway),Trinity College Dublin,Postgraduate Certificate,30,Part Time,2019-03-08,2019-03-25,2019-08-09,9,1,"['business', 'administration', 'law']",https://springboardcourses.ie/details/6556,"business, administration, law"
Postgraduate Certificate in Innovation and Enterprise Development (Limerick),Trinity College Dublin,Postgraduate Certificate,30,Part Time,2019-03-08,2019-03-25,2019-08-09,9,1,"['business', 'administration', 'law']",https://springboardcourses.ie/details/6555,"business, administration, law"
Level 7 Degree in Pharmaceutical Business Operations [March  2019] [Dublin],Innopharma College of Applied Sciences,Level 7 in Pharmaceutical Business Operations,60,Part Time,2019-03-03,2019-03-21,2020-01-10,7,1,"['engineering', 'manufacturing', 'construction']",https://springboardcourses.ie/details/6553,"engineering, manufacturing, construction"
Level 7 Degree in Pharmaceutical Business Operations [March  2019] [Cork],Innopharma College of Applied Sciences,Level 7 in Pharmaceutical Business Operations,60,Part Time,2019-03-03,2019-03-21,2020-01-10,7,1,"['engineering', 'manufacturing', 'construction']",https://springboardcourses.ie/details/6551,"engineering, manufacturing, construction"
"Certificate in Purchasing Strategy, Quality Management and Lean Six Sigma (Dublin)","Institute of Technology, Carlow",NFQ Level 6 (60 credits),60,Part Time,2019-01-24,2019-02-04,2019-05-30,6,1,"['engineering', 'manufacturing', 'construction']",https://springboardcourses.ie/details/6546,"engineering, manufacturing, construction"
"Certificate in Operations, Quality and Lean Management (Tullamore - January 2019)",Athlone Institute of Technology,"Certificate in Operations, Quality and Lean Management",60,Part Time,2019-02-05,2019-02-06,2019-12-20,6,1,"['natural', 'sciences', 'mathematics', 'statistics']",https://springboardcourses.ie/details/6543,"natural, sciences, mathematics, statistics"
"Certificate in Operations, Quality and Lean Management (Athlone - January 2019)",Athlone Institute of Technology,"Certificate in Operations, Quality and Lean Management",60,Part Time,2019-01-31,2019-01-31,2019-12-20,6,1,"['natural', 'sciences', 'mathematics', 'statistics']",https://springboardcourses.ie/details/6541,"natural, sciences, mathematics, statistics"
PRACTICAL ENTREPRENEURSHIP- Learn to work for yourself FEB 2019,The Entrepreneurs Academy,QQI Level 6 Business Planning,15,Part Time,2019-02-23,2019-02-23,2019-06-15,6,1,"['business', 'administration', 'law']",https://springboardcourses.ie/details/6539,"business, administration, law"
SPA Construction Management,Athlone Institute of Technology,Certificate - Special Purpose Award,40,Part Time,2019-01-18,2019-01-25,2019-12-20,8,1,"['engineering', 'manufacturing', 'construction']",https://springboardcourses.ie/details/6538,"engineering, manufacturing, construction"
Higher Diploma in Food Science and Technology [January 2019] [Cork],Innopharma College of Applied Sciences,Level 8 Higher Diploma QQI,70,Part Time,2019-01-30,2019-01-30,2020-01-10,8,1,"['engineering', 'manufacturing', 'construction']",https://springboardcourses.ie/details/6535,"engineering, manufacturing, construction"
Higher Diploma in Data Analytics [2 Years Part-time] Friday & Saturday ,Dublin Business School,QQI Level 8 Higher Diploma in Science in Data Analytics,60,Part Time,2019-03-29,2019-03-29,2020-08-28,8,1,"['information', 'communication', 'technologies']",https://springboardcourses.ie/details/6534,"information, communication, technologies"
Certificate in Aircraft Acquisition & Finance (Special Purpose) [March 2019],"Institute of Technology, Carlow",NFQ Level 7 - 10 credit module,10,Part Time,2019-03-01,2019-03-08,2019-03-30,7,1,"['engineering', 'manufacturing', 'construction']",https://springboardcourses.ie/details/6530,"engineering, manufacturing, construction"
Postgraduate Diploma in Digital Marketing,Digital Marketing Institute,Postgraduate Diploma in Digital Marketing,60,Part Time,2019-01-25,2019-02-18,2019-11-22,9,1,"['business', 'administration', 'law']",https://springboardcourses.ie/details/6529,"business, administration, law"
Certificate in Pharmaceutical and Medical Device Operations - Limerick/Online [January 2019],Innopharma College of Applied Sciences,Level 6 Minor Award QQI,70,Part Time,2019-02-06,2019-02-06,2019-08-23,6,1,"['engineering', 'manufacturing', 'construction']",https://springboardcourses.ie/details/6528,"engineering, manufacturing, construction"
Diploma in Pharmaceutical and Medical Device Manufacturing [January 2019] [Dublin],Innopharma College of Applied Sciences,Level 8 Higher Diploma Award QQI,70,Part Time,2019-01-21,2019-02-02,2020-01-31,8,1,"['engineering', 'manufacturing', 'construction']",https://springboardcourses.ie/details/6524,"engineering, manufacturing, construction"
MSc in Food Business Management and Technology [January 2019],Innopharma College of Applied Sciences,MSc in Food Business Management and Technology ,90,Part Time,2019-01-31,2019-02-02,2020-01-10,9,1,"['engineering', 'manufacturing', 'construction']",https://springboardcourses.ie/details/6522,"engineering, manufacturing, construction"
Certificate in Data Protection (Feb 2019),"Institute of Technology, Carlow",NFQ Level 8 (10 credit module),10,Part Time,2019-02-03,2019-02-06,2019-02-20,8,1,['services'],https://springboardcourses.ie/details/6521,services
Building Information Modelling (BIM) - with Revit MEP,Limerick Institute of Technology,"Special Purpose Award (Level 6, 10 Credits)",10,Part Time,2019-01-28,2019-01-29,2019-04-02,6,1,"['engineering', 'manufacturing', 'construction']",https://springboardcourses.ie/details/6517,"engineering, manufacturing, construction"
Higher Diploma in Science in Data Analytics [1 year Full-time],Dublin Business School,QQI Level 8 Higher Diploma in Science in Data Analytics,60,Full Time,2019-03-29,2019-03-29,2019-11-29,8,1,"['information', 'communication', 'technologies']",https://springboardcourses.ie/details/6513,"information, communication, technologies"
BA (Hons) Hotel Management,"Institute of Technology, Tralee",Minor,60,Part Time,2019-01-04,2019-01-21,2019-12-20,8,1,['services'],https://springboardcourses.ie/details/6508,services
	Higher Diploma in Science in Computing (Web & Cloud Technology) [2 Years Part-time] (March 2019),Dublin Business School,QQI Level 8 Higher Diploma in Science in Computing ,60,Part Time,2019-03-29,2019-03-29,2020-10-23,8,1,"['information', 'communication', 'technologies']",https://springboardcourses.ie/details/6507,"information, communication, technologies"
Higher Diploma in Science in Computing (Software Development) [2 Years Part-time] (March 2019),Dublin Business School,QQI Level 8 Higher Diploma in Science in Computing ,60,Part Time,2019-03-29,2019-03-29,2020-09-01,8,1,"['information', 'communication', 'technologies']",https://springboardcourses.ie/details/6506,"information, communication, technologies"
Bachelor of Engineering in Industrial Engineering [Dublin March],Griffith College,Bachelor of Engineering in Industrial Engineering ,60,Part Time,2019-03-04,2019-03-08,2020-01-26,7,1,"['engineering', 'manufacturing', 'construction']",https://springboardcourses.ie/details/6505,"engineering, manufacturing, construction"
Supply Chain Management  (Specialist Diploma) (Online) [January 2019],University of Limerick,Minor,36,Part Time,2019-01-17,2019-01-21,2019-12-21,9,1,"['engineering', 'manufacturing', 'construction']",https://springboardcourses.ie/details/6504,"engineering, manufacturing, construction"
Higher Diploma in Science in Data Analytics - ONLINE - [2 Years Part-time] [January 2019] ,National College of Ireland,Higher Diploma in Science in Data Analytics - Major Award from Quality Qualifications Ireland,60,Part Time,2019-01-18,2019-01-22,2020-05-29,8,1,"['information', 'communication', 'technologies']",https://springboardcourses.ie/details/6503,"information, communication, technologies"
Higher Diploma in Science in Data Analytics (1 Year Full-time) - Face to Face - [ICT Skills Conversion] [January 2019] Group 2,National College of Ireland,Higher Diploma in Science in Data Analytics,60,Full Time,2019-01-18,2019-01-21,2019-12-31,8,1,"['information', 'communication', 'technologies']",https://springboardcourses.ie/details/6502,"information, communication, technologies"
Higher Diploma in Science in Data Analytics (1 Year Full-time)  - Face to Face - [ICT Skills Conversion] [January 2019] Group 1 ,National College of Ireland,Higher Diploma in Science in Data Analytics,60,Full Time,2019-01-18,2019-01-21,2019-12-31,8,1,"['information', 'communication', 'technologies']",https://springboardcourses.ie/details/6501,"information, communication, technologies"
Higher Diploma in Science in Computing (Software Development) - ONLINE -[2 Years Part-time] [January 2019],National College of Ireland,Higher Diploma in Science in Computing - Major Award from Quality Qualifications Ireland,60,Part Time,2019-01-18,2019-01-21,2020-05-29,8,1,"['information', 'communication', 'technologies']",https://springboardcourses.ie/details/6500,"information, communication, technologies"
Higher Diploma in Science in Web Technologies (1 Year Full-time) - ONLINE - [ICT Skills Conversion] [January 2019],National College of Ireland,Higher Diploma in Science in Web Technologies,60,Full Time,2019-01-18,2019-01-21,2019-12-31,8,1,"['information', 'communication', 'technologies']",https://springboardcourses.ie/details/6499,"information, communication, technologies"
Postgraduate Diploma in Cyber Security Face to Face Delivery [January 2019] ,National College of Ireland,Postgraduate Diploma in Science in Cybersecurity,60,Part Time,2019-01-22,2019-01-22,2019-12-31,9,1,"['information', 'communication', 'technologies']",https://springboardcourses.ie/details/6498,"information, communication, technologies"
Higher National Certificate in Computing [Limerick],Griffith College,BTEC Higher National Certificate in Computing,60,Part Time,2019-02-15,2019-02-15,2020-01-31,6,1,"['information', 'communication', 'technologies']",https://springboardcourses.ie/details/6493,"information, communication, technologies"
Certificate in Data Analytics for Business JANUARY 2019 INTAKE - GROUP 2,Dundalk Institute of Technology,Certificate in Data Analytics for Business,10,Part Time,2018-11-29,2019-01-31,2019-05-31,7,1,"['information', 'communication', 'technologies']",https://springboardcourses.ie/details/6492,"information, communication, technologies"
Certificate in Data Protection (November 2018),"Institute of Technology, Carlow",NFQ Level 8 (10 credit module),10,Part Time,2018-11-23,2018-11-23,2018-12-12,8,1,['services'],https://springboardcourses.ie/details/6491,services
Certificate in Digital Marketing and Digital Media Management (JANUARY 2019 INTAKE),Dundalk Institute of Technology,Special Purpose Award,30,Part Time,2019-01-01,2019-01-29,2020-01-31,7,1,"['business', 'administration', 'law']",https://springboardcourses.ie/details/6487,"business, administration, law"
Diploma in Restaurant Management,Waterford Institute of Technology,Diploma in Restaurant Management,70,Part Time,2018-09-15,2018-09-17,2019-08-30,7,0,['services'],https://springboardcourses.ie/details/6482,services
Master of Science in Supply Chain Management - WICKLOW CAMPUS,"Institute of Technology, Carlow",NFQ Level 9,90,Part Time,2018-09-10,2018-09-11,2019-09-21,9,1,"['engineering', 'manufacturing', 'construction']",https://springboardcourses.ie/details/6481,"engineering, manufacturing, construction"
Marketing Management (Specialist Diploma) (Blended Learning) [January 2019],University of Limerick,Minor,42,Part Time,2018-12-21,2019-01-26,2019-12-21,9,1,"['business', 'administration', 'law']",https://springboardcourses.ie/details/6470,"business, administration, law"
Regulatory Affairs in (Bio)Pharmaceuticals (Specialist Diploma) [March 2019],University of Limerick,Minor,42,Part Time,2018-11-16,2019-03-09,2019-12-21,9,1,"['engineering', 'manufacturing', 'construction']",https://springboardcourses.ie/details/6469,"engineering, manufacturing, construction"
Embedded Systems Engineering (Specialist Diploma) (Blended Learning) [January 2019],University of Limerick,Minor,36,Part Time,2019-01-07,2019-01-23,2019-12-21,9,1,"['information', 'communication', 'technologies']",https://springboardcourses.ie/details/6467,"information, communication, technologies"
Certificate in Data Analytics for Business JANUARY 2019 INTAKE,Dundalk Institute of Technology,Certificate in Data Analytics for Business,10,Part Time,2019-01-01,2019-01-30,2019-05-31,7,1,"['information', 'communication', 'technologies']",https://springboardcourses.ie/details/6393,"information, communication, technologies"
Certificate in Sound Design and Implementation for Interactive Media JANUARY 2019 INTAKE,Dundalk Institute of Technology,Certificate in Sound Design and Implementation for Interactive Media,40,Part Time,2019-01-23,2019-01-23,2020-01-31,7,1,"['arts', 'humanities']",https://springboardcourses.ie/details/6392,"arts, humanities"
Certificate in Applied Electrical Engineering JANUARY 2019 INTAKE,Dundalk Institute of Technology,Certificate in Applied Electrical Engineering,30,Part Time,2019-01-13,2019-01-22,2020-01-31,6,1,"['engineering', 'manufacturing', 'construction']",https://springboardcourses.ie/details/6391,"engineering, manufacturing, construction"
Higher Diploma in 3D Computer Animation [2 Years Part-time] JANUARY 2019 INTAKE,Dundalk Institute of Technology,Higher Diploma in Science in 3D Computer Animation,75,Part Time,2019-01-30,2019-01-31,2021-01-29,8,1,"['information', 'communication', 'technologies']",https://springboardcourses.ie/details/6390,"information, communication, technologies"
Higher Diploma in Supply Chain Management - WICKLOW CAMPUS,"Institute of Technology, Carlow",NFQ Level 8,60,Part Time,2018-09-10,2018-09-10,2019-06-30,8,1,"['engineering', 'manufacturing', 'construction']",https://springboardcourses.ie/details/6376,"engineering, manufacturing, construction"
Higher Diploma in Business in Tourism Marketing - WEXFORD CAMPUS,"Institute of Technology, Carlow",NFQ Level 8,60,Part Time,2018-09-10,2018-09-10,2019-06-30,8,1,['services'],https://springboardcourses.ie/details/6375,services
Higher Diploma in Business in Tourism Marketing - WICKLOW CAMPUS,"Institute of Technology, Carlow",NFQ Level 8,60,Part Time,2018-09-10,2018-09-10,2019-06-30,8,1,['services'],https://springboardcourses.ie/details/6370,services
Higher Diploma in Arts in Digital Media Design - WEXFORD CAMPUS,"Institute of Technology, Carlow",NFQ Level 8,60,Part Time,2018-09-14,2018-09-17,2019-06-30,8,1,"['arts', 'humanities']",https://springboardcourses.ie/details/6367,"arts, humanities"
Higher Diploma in Arts in Digital Media Design - WICKLOW CAMPUS,"Institute of Technology, Carlow",NFQ Level 8,60,Part Time,2018-09-10,2018-09-10,2019-06-30,8,1,"['arts', 'humanities']",https://springboardcourses.ie/details/6366,"arts, humanities"
Certificate in Data Protection WEXFORD CAMPUS,"Institute of Technology, Carlow",NFQ Level 8 (10 credit module),10,Part Time,2018-10-05,2018-10-10,2019-06-30,8,1,['services'],https://springboardcourses.ie/details/6363,services
Certificate in Data Protection - WICKLOW CAMPUS,"Institute of Technology, Carlow",NFQ Level 8 (10 credit module),10,Part Time,2018-09-08,2018-09-10,2019-06-30,8,1,['services'],https://springboardcourses.ie/details/6362,services
Certificate in Introduction to CAD & 3D Modelling - WEXFORD CAMPUS,"Institute of Technology, Carlow",NFQ Level 6 (10 credit module),10,Part Time,2018-09-10,2018-09-10,2019-06-30,6,1,"['engineering', 'manufacturing', 'construction']",https://springboardcourses.ie/details/6361,"engineering, manufacturing, construction"
Postgraduate Diploma in Digital Marketing [January 2019],Waterford Institute of Technology,Major,60,Part Time,2019-01-31,2019-01-31,2019-12-20,9,1,"['business', 'administration', 'law']",https://springboardcourses.ie/details/6349,"business, administration, law"
Masters of Science in Global Financial Information Systems,Waterford Institute of Technology,Major ,90,Part Time,2018-08-08,2018-09-10,2019-08-30,9,1,"['business', 'administration', 'law']",https://springboardcourses.ie/details/6348,"business, administration, law"
Higher Diploma in Business Systems Analysis ,Waterford Institute of Technology,Higher Diploma Level 8,60,Part Time,2018-09-05,2018-09-10,2019-08-30,8,1,"['information', 'communication', 'technologies']",https://springboardcourses.ie/details/6347,"information, communication, technologies"
Diploma in Supervisory Practice,Waterford Institute of Technology,Special Purpose,60,Part Time,2018-09-04,2018-09-10,2019-05-10,7,1,"['business', 'administration', 'law']",https://springboardcourses.ie/details/6346,"business, administration, law"
Certificate in Pharmaceutical Technology,Waterford Institute of Technology,Certificate in Pharmaceutical Technology,60,Part Time,2018-09-06,2018-09-10,2019-08-23,6,1,"['natural', 'sciences', 'mathematics', 'statistics']",https://springboardcourses.ie/details/6345,"natural, sciences, mathematics, statistics"
Certificate in Fire Engineering,Waterford Institute of Technology,Minor ,30,Part Time,2018-09-17,2018-10-02,2019-08-30,7,1,"['engineering', 'manufacturing', 'construction']",https://springboardcourses.ie/details/6344,"engineering, manufacturing, construction"
Certificate in Economics and Finance,Waterford Institute of Technology,Minor ,30,Part Time,2018-09-05,2018-09-10,2019-05-20,9,1,"['business', 'administration', 'law']",https://springboardcourses.ie/details/6343,"business, administration, law"
Certificate in Data Protection and GDPR Practice [September 2018],Waterford Institute of Technology,Special Purpose ,10,Part Time,2018-08-24,2018-09-17,2018-11-26,6,1,"['business', 'administration', 'law']",https://springboardcourses.ie/details/6341,"business, administration, law"
Certificate in Biomedical Engineering,Waterford Institute of Technology,Minor ,30,Part Time,2019-01-18,2019-01-18,2019-12-20,9,1,"['engineering', 'manufacturing', 'construction']",https://springboardcourses.ie/details/6340,"engineering, manufacturing, construction"
BSc in Construction Site Management,Waterford Institute of Technology,BSc in Construction Site Management,60,Part Time,2018-09-28,2018-10-04,2019-08-30,7,1,"['engineering', 'manufacturing', 'construction']",https://springboardcourses.ie/details/6339,"engineering, manufacturing, construction"
Higher Diploma in Computer Science [January 2019][2 Years Part-time],Waterford Institute of Technology,Higher Diploma Level 8,90,Part Time,2019-01-14,2019-01-14,2020-12-18,8,1,"['information', 'communication', 'technologies']",https://springboardcourses.ie/details/6338,"information, communication, technologies"
Higher Diploma in Business Systems Analysis [2-year part-time][2 Years Part-time],Waterford Institute of Technology,Higher Diploma Level 8,60,Part Time,2018-09-12,2018-09-14,2020-08-28,8,1,"['information', 'communication', 'technologies']",https://springboardcourses.ie/details/6337,"information, communication, technologies"
Higher Diploma in Agri-Food ICT Systems [January 2019][2 Years Part-time],Waterford Institute of Technology,Higher Diploma Level 8,60,Part Time,2019-01-07,2019-01-14,2020-12-18,8,1,"['information', 'communication', 'technologies']",https://springboardcourses.ie/details/6336,"information, communication, technologies"
Supply Chain Management (Certificate) (Blended Learning - September 2018),University of Limerick,Minor,54,Part Time,2018-07-17,2018-09-08,2019-05-13,7,1,"['engineering', 'manufacturing', 'construction']",https://springboardcourses.ie/details/6334,"engineering, manufacturing, construction"
Six Sigma (Specialist Diploma) (Distance Education) [January 2019],University of Limerick,Minor,36,Part Time,2018-12-20,2019-01-19,2019-12-21,9,1,"['engineering', 'manufacturing', 'construction']",https://springboardcourses.ie/details/6332,"engineering, manufacturing, construction"
Six Sigma (Specialist Diploma) (Distance Education) [September 2018],University of Limerick,Minor,36,Part Time,2018-08-23,2018-09-08,2019-05-11,9,1,"['engineering', 'manufacturing', 'construction']",https://springboardcourses.ie/details/6331,"engineering, manufacturing, construction"
Management Practice (Specialist Diploma) (Blended Learning),University of Limerick,Minor,42,Part Time,2018-09-27,2018-09-27,2019-05-13,9,1,"['business', 'administration', 'law']",https://springboardcourses.ie/details/6328,"business, administration, law"
Management  (Certificate) (Blended Learning - September 2018),University of Limerick,Minor,54,Part Time,2018-07-15,2018-09-08,2019-05-10,6,1,"['business', 'administration', 'law']",https://springboardcourses.ie/details/6326,"business, administration, law"
Lean Systems (Specialist Diploma) (Distance Education) [January 2019],University of Limerick,Minor,36,Part Time,2018-12-20,2019-01-19,2019-12-21,9,1,"['engineering', 'manufacturing', 'construction']",https://springboardcourses.ie/details/6325,"engineering, manufacturing, construction"
Lean Systems (Specialist Diploma) (Distance Education) [September 2018],University of Limerick,Minor,36,Part Time,2018-09-14,2018-09-14,2019-05-10,9,1,"['engineering', 'manufacturing', 'construction']",https://springboardcourses.ie/details/6324,"engineering, manufacturing, construction"
Information and Network Security (Specialist Diploma) (Blended Learning),University of Limerick,Minor Award from the University of Limerick,36,Part Time,2018-09-04,2018-09-13,2019-06-30,9,1,"['information', 'communication', 'technologies']",https://springboardcourses.ie/details/6323,"information, communication, technologies"
Higher Diploma Computer Science [1 year Full-time],University College Dublin,Higher Diploma,75,Full Time,2018-09-07,2018-09-10,2019-08-30,8,1,"['information', 'communication', 'technologies']",https://springboardcourses.ie/details/6309,"information, communication, technologies"
Postgraduate Certificate in Project Management,University College Cork,Postgraduate Certificate (Minor Award),30,Part Time,2018-08-24,2018-09-14,2019-05-31,9,1,"['business', 'administration', 'law']",https://springboardcourses.ie/details/6308,"business, administration, law"
Postgraduate Certificate in (Bio)Pharma Processing,University College Cork,Postgraduate Certificate (Minor Award),30,Part Time,2018-08-22,2018-09-21,2019-08-16,9,1,"['natural', 'sciences', 'mathematics', 'statistics']",https://springboardcourses.ie/details/6307,"natural, sciences, mathematics, statistics"
MA in Digital Arts and Humanities,University College Cork,MA (Major Award),90,Part Time,2018-08-24,2018-09-11,2019-09-02,9,1,"['information', 'communication', 'technologies']",https://springboardcourses.ie/details/6306,"information, communication, technologies"
Higher Diploma in Advanced Languages and Global Communication,University College Cork,Higher Diploma (Major Award),60,Part Time,2018-09-01,2018-09-03,2019-08-30,8,1,"['arts', 'humanities']",https://springboardcourses.ie/details/6305,"arts, humanities"
Certificate in Procurement Management,University College Cork,Certificate (Special Purpose Award),30,Part Time,2018-09-06,2018-09-14,2019-05-31,8,1,"['business', 'administration', 'law']",https://springboardcourses.ie/details/6304,"business, administration, law"
Certificate in Process and Chemical Engineering,University College Cork,Certificate (Minor Award),30,Part Time,2018-09-03,2018-09-03,2019-05-07,7,1,"['engineering', 'manufacturing', 'construction']",https://springboardcourses.ie/details/6303,"engineering, manufacturing, construction"
Certificate in Operator Development (Pharma Manufacturing),University College Cork,Certificate (Special Purpose Award),30,Part Time,2018-08-22,2018-09-01,2019-08-01,7,1,"['engineering', 'manufacturing', 'construction']",https://springboardcourses.ie/details/6302,"engineering, manufacturing, construction"
Certificate in Management Practice,University College Cork,Certificate (Special Purpose Award),30,Part Time,2018-08-24,2018-09-15,2019-06-25,7,1,"['business', 'administration', 'law']",https://springboardcourses.ie/details/6301,"business, administration, law"
Postgraduate Certificate in Innovation and Enterprise Development (Dublin),Trinity College Dublin,Postgraduate Certificate,30,Part Time,2019-03-08,2019-03-25,2019-08-09,9,1,"['business', 'administration', 'law']",https://springboardcourses.ie/details/6298,"business, administration, law"
Leadership & Management Development for Creative Business Owners [September 2018],The Entrepreneurs Academy,QQI Level 6 Business Planning,15,Part Time,2018-09-15,2018-09-15,2019-01-30,6,1,"['business', 'administration', 'law']",https://springboardcourses.ie/details/6293,"business, administration, law"
Animation [Dublin] [January 2019],Pulse College,Level 6 QQI Certificate in Animation,60,Part Time,2019-01-11,2019-01-14,2019-08-07,6,1,"['arts', 'humanities']",https://springboardcourses.ie/details/6292,"arts, humanities"
Animation [Dublin] [September 2018],Pulse College,Level 6 Minor Award in Animation,60,Part Time,2018-09-10,2018-09-17,2019-05-01,6,1,"['arts', 'humanities']",https://springboardcourses.ie/details/6290,"arts, humanities"
Specialist Diploma in Medical Device Science (2018),"National University of Ireland, Galway",Specialist Diploma (minor award degree level 8),30,Part Time,2018-08-18,2018-09-08,2019-05-31,8,1,"['generic', 'programmes', 'qualifications']",https://springboardcourses.ie/details/6279,"generic, programmes, qualifications"
Specialist Diploma in Lean & Quality Systems (2018),"National University of Ireland, Galway",Specialist Diploma (minor award degree level 8),30,Part Time,2018-08-17,2018-09-15,2019-05-31,8,1,"['generic', 'programmes', 'qualifications']",https://springboardcourses.ie/details/6278,"generic, programmes, qualifications"
Postgraduate Diploma in Technology Commercialisation,"National University of Ireland, Galway",Postgraduate Diploma in Technology Commercialisation,40,Part Time,2018-08-27,2018-09-01,2019-08-31,9,1,"['business', 'administration', 'law']",https://springboardcourses.ie/details/6277,"business, administration, law"
Postgraduate Diploma in Innovation Management,"National University of Ireland, Galway",Postgraduate Diploma in Innovation Management,40,Part Time,2018-08-06,2018-09-01,2019-08-31,9,1,"['business', 'administration', 'law']",https://springboardcourses.ie/details/6276,"business, administration, law"
MSc in AgInnovation,"National University of Ireland, Galway",MSc in AgInnovation,90,Part Time,2018-09-14,2018-09-01,2019-08-31,9,1,"['agriculture', 'forestry', 'fisheries', 'veterinary']",https://springboardcourses.ie/details/6275,"agriculture, forestry, fisheries, veterinary"
Higher Diploma in Applied Science (Software Design and Development- Industry Stream)[1 year Full-time],"National University of Ireland, Galway",Higher Diploma,60,Full Time,2018-08-01,2018-09-10,2019-08-31,8,1,"['information', 'communication', 'technologies']",https://springboardcourses.ie/details/6274,"information, communication, technologies"
Post Graduate Diploma in Data Analytics Face to Face Delivery [January 2019],National College of Ireland,Postgraduate Diploma in Science in Data Analytics,60,Part Time,2019-01-18,2019-01-22,2019-12-31,9,1,"['information', 'communication', 'technologies']",https://springboardcourses.ie/details/6271,"information, communication, technologies"
Higher Diploma in Science (Software Development)[1 year Full-time],Maynooth University,Higher Diploma in Science (Software Development),60,Full Time,2018-09-21,2018-09-21,2019-05-31,8,1,"['information', 'communication', 'technologies']",https://springboardcourses.ie/details/6263,"information, communication, technologies"
Higher Diploma in Data Analytics [1 year Full-time],Maynooth University,HDip Data Science,60,Full Time,2018-08-27,2018-09-03,2019-05-31,8,1,"['information', 'communication', 'technologies']",https://springboardcourses.ie/details/6262,"information, communication, technologies"
Higher Diploma in Arts in Food Management and Innovation ,Limerick Institute of Technology,Higher Diploma in Food Management and Innovation ,60,Part Time,2018-12-07,2019-02-04,2019-12-30,8,1,"['business', 'administration', 'law']",https://springboardcourses.ie/details/6261,"business, administration, law"
Certificate in Near Zero Energy Buildings,Limerick Institute of Technology,"Certificate in Near Zero Energy Buildings (Special Purpose Award, Level 6, 20 Credits)",20,Part Time,2018-11-12,2018-10-01,2019-05-24,6,1,"['engineering', 'manufacturing', 'construction']",https://springboardcourses.ie/details/6258,"engineering, manufacturing, construction"
Certificate in Aircraft Technical Services ,Limerick Institute of Technology,"Special Purpose Award, Level 7, 30 Credits",30,Part Time,2018-09-01,2018-09-01,2019-06-01,7,1,"['engineering', 'manufacturing', 'construction']",https://springboardcourses.ie/details/6257,"engineering, manufacturing, construction"
3D Animation and Visual Effects,Limerick Institute of Technology,Certificate in 3D Animation and VFX (Visual Effects) for Film and TV,30,Part Time,2019-02-01,2019-02-16,2019-11-09,9,1,"['information', 'communication', 'technologies']",https://springboardcourses.ie/details/6255,"information, communication, technologies"
Software Development [2 Years Part-time],Limerick Institute of Technology,Higher Diploma in Software Development ,60,Part Time,2018-09-17,2018-09-18,2020-08-31,8,1,"['information', 'communication', 'technologies']",https://springboardcourses.ie/details/6254,"information, communication, technologies"
Software Development [1 year Full-time],Limerick Institute of Technology,Higher Diploma in Software Development ,60,Full Time,2018-09-17,2018-09-18,2019-08-31,8,1,"['information', 'communication', 'technologies']",https://springboardcourses.ie/details/6253,"information, communication, technologies"
Creative Multimedia Programming [1 year Full-time],Limerick Institute of Technology,Higher Diploma in Creative Multimedia Programming ,60,Full Time,2018-09-21,2018-09-21,2019-08-31,8,1,"['information', 'communication', 'technologies']",https://springboardcourses.ie/details/6252,"information, communication, technologies"
Postgraduate Diploma in Computing in Cybersecurity,Letterkenny Institute of Technology,Major,80,Part Time,2018-09-07,2018-09-24,2019-08-01,9,1,"['information', 'communication', 'technologies']",https://springboardcourses.ie/details/6251,"information, communication, technologies"
Postgraduate Diploma in Computing in Cloud Technologies,Letterkenny Institute of Technology,Major,70,Part Time,2018-09-12,2018-09-24,2019-08-20,9,1,"['information', 'communication', 'technologies']",https://springboardcourses.ie/details/6250,"information, communication, technologies"
"PG Diploma in Governance, Compliance and Data Protection in Financial Services",Letterkenny Institute of Technology,Major,70,Part Time,2018-09-14,2018-09-17,2019-05-24,9,1,"['business', 'administration', 'law']",https://springboardcourses.ie/details/6249,"business, administration, law"
Higher Diploma in Finance and Technology (FinTech),Letterkenny Institute of Technology,major,70,Part Time,2018-09-12,2018-09-17,2019-08-23,8,1,"['business', 'administration', 'law']",https://springboardcourses.ie/details/6248,"business, administration, law"
Diploma in Restaurant Operations Management Consortium,Letterkenny Institute of Technology,Special Purpose Award,70,Part Time,2018-09-27,2018-09-29,2019-09-28,7,1,['services'],https://springboardcourses.ie/details/6245,services
Certificate in Mainframe Technologies,Letterkenny Institute of Technology,Minor,35,Part Time,2018-10-03,2018-10-05,2019-03-08,8,1,"['information', 'communication', 'technologies']",https://springboardcourses.ie/details/6244,"information, communication, technologies"
Certificate in Food and Beverage Operations [Consortium],Letterkenny Institute of Technology,minor,70,Part Time,2019-02-21,2019-02-21,2019-08-31,6,1,['services'],https://springboardcourses.ie/details/6242,services
Certificate in Culinary Skills,Cork Institute of Technology,Certificate,70,Part Time,2018-09-21,2018-09-01,2019-08-01,6,1,['services'],https://springboardcourses.ie/details/6241,services
Certificate in Culinary Skills,Waterford Institute of Technology,Minor Award ,70,Part Time,2018-09-13,2018-09-17,2019-05-31,6,1,['services'],https://springboardcourses.ie/details/6240,services
Certificate in Culinary Skills,Galway-Mayo Institute of Technology,Certificate in Culinary Skills,70,Part Time,2018-09-04,2018-09-10,2019-05-17,6,1,['services'],https://springboardcourses.ie/details/6238,services
Certificate in Culinary Skills,Letterkenny Institute of Technology,Minor,70,Part Time,2018-09-27,2018-09-29,2019-08-31,6,1,['services'],https://springboardcourses.ie/details/6236,services
BSc in Computing in Data Centre Management,Letterkenny Institute of Technology,Major,70,Part Time,2018-09-27,2018-09-28,2019-08-30,7,1,"['information', 'communication', 'technologies']",https://springboardcourses.ie/details/6235,"information, communication, technologies"
Higher Diploma in Computing [1 year Full-time],Letterkenny Institute of Technology,Major,80,Full Time,2018-09-13,2018-09-24,2019-06-14,8,1,"['information', 'communication', 'technologies']",https://springboardcourses.ie/details/6234,"information, communication, technologies"
Higher Diploma in Computing (Conversion course into Computing) [2 Years Part-time],Letterkenny Institute of Technology,Major,70,Part Time,2018-09-14,2018-09-24,2020-08-21,8,1,"['information', 'communication', 'technologies']",https://springboardcourses.ie/details/6233,"information, communication, technologies"
Postgraduate Certificate in Global Capital Markets ,Irish Times Training,Level 9 Major Award,30,Part Time,2019-02-04,2019-02-11,2019-11-25,9,1,"['business', 'administration', 'law']",https://springboardcourses.ie/details/6232,"business, administration, law"
Entrepreneurs Programme leading to an Advanced Certificate in Management Practice (Entrepreneurship),Irish Times Training,Advanced Certificate in Management Practice ,30,Part Time,2019-02-05,2019-02-19,2019-06-25,6,1,"['business', 'administration', 'law']",https://springboardcourses.ie/details/6227,"business, administration, law"
Quality for Medical Technologies (incorporating a Certificate in Quality (SPA) & Diploma in Professional Competence (SPA),Irish Medtech Association ,QQI Level 8 - 30 ECTS,50,Part Time,2019-03-07,2019-03-25,2019-07-01,8,1,"['engineering', 'manufacturing', 'construction']",https://springboardcourses.ie/details/6222,"engineering, manufacturing, construction"
Bachelors in Science in Quality and Regulatory Affairs,Irish Medtech Association ,Bachelors of Science in Quality and regulatory Affairs,60,Part Time,2018-08-25,2018-09-08,2019-08-31,8,1,"['engineering', 'manufacturing', 'construction']",https://springboardcourses.ie/details/6220,"engineering, manufacturing, construction"
Certificate in Mechatronics [Intake 2],"Institute of Technology, Tralee",Minor Award,30,Part Time,2019-01-21,2019-01-21,2019-08-30,7,1,"['engineering', 'manufacturing', 'construction']",https://springboardcourses.ie/details/6216,"engineering, manufacturing, construction"
BA (Hons) Hotel Management,Letterkenny Institute of Technology,Minor,60,Part Time,2018-09-18,2018-09-19,2019-08-31,8,1,['services'],https://springboardcourses.ie/details/6209,services
Certificate in Cloud Solutions Architecture [January 2019],"Institute of Technology, Tallaght",Certificate in Cloud Solutions Architecture,15,Part Time,2019-02-01,2019-02-04,2019-12-30,7,1,"['information', 'communication', 'technologies']",https://springboardcourses.ie/details/6205,"information, communication, technologies"
Higher Diploma in Science in Computing with Data Analytics/ Software/ IT Infrastructure [1 year Full-time] [September 2018],"Institute of Technology, Sligo",Higher Diploma,90,Full Time,2018-09-18,2018-09-19,2019-08-31,8,1,"['information', 'communication', 'technologies']",https://springboardcourses.ie/details/6197,"information, communication, technologies"
Higher Diploma in Science in Computing (Systems and Information Technology Services) [1 year Full-time] [September 2018] ,"Institute of Technology, Carlow",NFQ Level 8,90,Full Time,2018-09-17,2018-09-24,2019-08-31,8,1,"['information', 'communication', 'technologies']",https://springboardcourses.ie/details/6195,"information, communication, technologies"
Higher Diploma in Science in Computing [2 Years Part-time] [September 2018],Galway-Mayo Institute of Technology,Higher Diploma in Science in Computing [2 Years Part-time] [September 2018],90,Part Time,2019-01-18,2019-01-21,2020-12-25,8,1,"['information', 'communication', 'technologies']",https://springboardcourses.ie/details/6192,"information, communication, technologies"
Higher Diploma in Science in Computing [2 Years Part-time] [September 2018],"Institute of Technology, Sligo",Higher Diploma,90,Part Time,2018-09-17,2018-09-17,2020-08-31,8,1,"['information', 'communication', 'technologies']",https://springboardcourses.ie/details/6191,"information, communication, technologies"
Higher Diploma in Science in Computing [2 Years Part-time] [September 2018],"Institute of Technology, Carlow",NFQ Level 8,90,Part Time,2018-09-05,2018-09-10,2020-08-31,8,1,"['information', 'communication', 'technologies']",https://springboardcourses.ie/details/6190,"information, communication, technologies"
Higher Diploma in Science in Computing [2 Years Part-time] [September 2018],Dublin Institute of Technology,Higher Diploma in Computing,90,Part Time,2018-10-17,2018-10-19,2020-08-31,8,1,"['information', 'communication', 'technologies']",https://springboardcourses.ie/details/6188,"information, communication, technologies"
Higher Diploma in Science in Computing [2 Years Part-time] [January 2019],"Institute of Technology, Tallaght",Higher Diploma in Science in Computing.,90,Part Time,2019-02-01,2019-02-04,2021-08-31,8,1,"['information', 'communication', 'technologies']",https://springboardcourses.ie/details/6185,"information, communication, technologies"
Level 9 Certificate in Sensors for Autonomous Vehicles,"Institute of Technology, Sligo",Certificate,40,Part Time,2018-09-14,2018-09-17,2019-05-31,9,1,"['information', 'communication', 'technologies']",https://springboardcourses.ie/details/6183,"information, communication, technologies"
L8 Certificate in Software Development,"Institute of Technology, Sligo",Certificate,40,Part Time,2018-09-19,2018-09-19,2019-05-31,8,1,"['information', 'communication', 'technologies']",https://springboardcourses.ie/details/6182,"information, communication, technologies"
L8 Certificate in Secure IT & Deep Machine Learning,"Institute of Technology, Sligo",Certificate,40,Part Time,2018-09-14,2018-09-17,2019-05-31,8,1,"['information', 'communication', 'technologies']",https://springboardcourses.ie/details/6181,"information, communication, technologies"
L8 Certificate in Science in Medical Technologies Regulatory Affairs & Quality,"Institute of Technology, Sligo",Certificate,40,Part Time,2018-08-21,2018-09-17,2019-05-31,8,1,"['natural', 'sciences', 'mathematics', 'statistics']",https://springboardcourses.ie/details/6180,"natural, sciences, mathematics, statistics"
L8 Certificate in Computer Networks & Cloud Infrastructure,"Institute of Technology, Sligo",Certificate,40,Part Time,2018-09-14,2018-09-17,2019-05-31,8,1,"['information', 'communication', 'technologies']",https://springboardcourses.ie/details/6179,"information, communication, technologies"
L7 Certificate in Lean Sigma Quality (Six Sigma Green Belt),"Institute of Technology, Sligo",Certificate,25,Part Time,2018-09-14,2018-09-17,2019-05-31,7,1,"['engineering', 'manufacturing', 'construction']",https://springboardcourses.ie/details/6178,"engineering, manufacturing, construction"
L7 Certificate in Bioprocess Engineering,"Institute of Technology, Sligo",Certificate,40,Part Time,2018-08-27,2018-09-17,2019-05-31,7,1,"['natural', 'sciences', 'mathematics', 'statistics']",https://springboardcourses.ie/details/6177,"natural, sciences, mathematics, statistics"
L7 Certificate in Biopharmaceutical Processing,"Institute of Technology, Sligo",Certificate,40,Part Time,2018-08-27,2018-09-17,2019-05-31,7,1,"['natural', 'sciences', 'mathematics', 'statistics']",https://springboardcourses.ie/details/6176,"natural, sciences, mathematics, statistics"
L6 Certificate in Validation Technologies,"Institute of Technology, Sligo",Certificate,40,Part Time,2018-08-16,2018-09-17,2019-05-31,6,1,"['engineering', 'manufacturing', 'construction']",https://springboardcourses.ie/details/6175,"engineering, manufacturing, construction"
L6 Certificate in Quality Assurance,"Institute of Technology, Sligo",Certificate,40,Part Time,2018-08-16,2018-09-17,2019-05-31,6,1,"['engineering', 'manufacturing', 'construction']",https://springboardcourses.ie/details/6174,"engineering, manufacturing, construction"
L6 Certificate in Mechanical Analysis & Automation,"Institute of Technology, Sligo",Certificate,35,Part Time,2018-08-17,2018-09-17,2019-05-31,6,1,"['engineering', 'manufacturing', 'construction']",https://springboardcourses.ie/details/6173,"engineering, manufacturing, construction"
Master of Science in Supply Chain Management,"Institute of Technology, Carlow",NFQ Level 9,90,Part Time,2018-09-10,2018-09-10,2019-08-31,9,1,"['engineering', 'manufacturing', 'construction']",https://springboardcourses.ie/details/6172,"engineering, manufacturing, construction"
Master of Science in Pharmaceutical Regulatory Affairs,"Institute of Technology, Carlow",NFQ Level 9,90,Part Time,2018-09-11,2018-09-12,2019-08-31,9,1,"['engineering', 'manufacturing', 'construction']",https://springboardcourses.ie/details/6171,"engineering, manufacturing, construction"
Master of Science in Information Technology Management,"Institute of Technology, Carlow",NFQ Level 9,90,Part Time,2018-09-10,2018-09-10,2019-08-31,9,1,"['information', 'communication', 'technologies']",https://springboardcourses.ie/details/6170,"information, communication, technologies"
Master of Science in Data Science,"Institute of Technology, Carlow",NFQ Level 9,90,Part Time,2018-09-10,2018-09-17,2019-08-31,9,1,"['information', 'communication', 'technologies']",https://springboardcourses.ie/details/6169,"information, communication, technologies"
Higher Diploma in Supply Chain Management,"Institute of Technology, Carlow",NFQ Level 8,60,Part Time,2018-09-10,2018-09-10,2019-08-31,8,1,"['engineering', 'manufacturing', 'construction']",https://springboardcourses.ie/details/6168,"engineering, manufacturing, construction"
Higher Diploma in Business in Tourism Marketing,"Institute of Technology, Carlow",NFQ Level 8,60,Part Time,2018-09-10,2018-09-10,2019-08-31,8,1,['services'],https://springboardcourses.ie/details/6167,services
Higher Diploma in Business in International Financial Services,"Institute of Technology, Carlow",NFQ Level 8,60,Part Time,2018-09-10,2018-09-10,2019-08-31,8,1,"['business', 'administration', 'law']",https://springboardcourses.ie/details/6166,"business, administration, law"
Higher Diploma in Arts in Digital Media Design,"Institute of Technology, Carlow",NFQ Level 8,60,Part Time,2018-09-10,2018-09-10,2019-08-31,8,1,"['arts', 'humanities']",https://springboardcourses.ie/details/6165,"arts, humanities"
"Certificate in Purchasing Strategy, Quality Management and Lean Six Sigma","Institute of Technology, Carlow",NFQ Level 6 (60 credits),60,Part Time,2018-09-10,2018-09-10,2019-09-25,6,1,"['engineering', 'manufacturing', 'construction']",https://springboardcourses.ie/details/6164,"engineering, manufacturing, construction"
Certificate in Introduction to CAD & 3D Modelling,"Institute of Technology, Carlow",NFQ Level 6 (10 credit module),10,Part Time,2018-09-10,2018-09-10,2019-08-31,6,1,"['engineering', 'manufacturing', 'construction']",https://springboardcourses.ie/details/6162,"engineering, manufacturing, construction"
Certificate in Data Protection,"Institute of Technology, Carlow",NFQ Level 8 (10 credit module),10,Part Time,2018-09-14,2018-09-19,2018-10-03,8,1,['services'],https://springboardcourses.ie/details/6160,services
Certificate in BIM and Construction Project Management,"Institute of Technology, Carlow",NFQ LEVEL 9 (30 credit module),30,Part Time,2018-09-10,2018-09-10,2019-06-21,9,1,"['engineering', 'manufacturing', 'construction']",https://springboardcourses.ie/details/6159,"engineering, manufacturing, construction"
Certificate in Aircraft Acquisition & Finance (Special Purpose) [September 2018],"Institute of Technology, Carlow",NFQ Level 7 - 10 credit module,10,Part Time,2018-09-19,2018-09-21,2018-10-13,7,1,"['engineering', 'manufacturing', 'construction']",https://springboardcourses.ie/details/6157,"engineering, manufacturing, construction"
Bachelor of Engineering [Limerick Feb ],Griffith College,Bachelor of Engineering in Industrial Engineering ,60,Part Time,2019-02-13,2019-02-13,2020-01-01,7,1,"['engineering', 'manufacturing', 'construction']",https://springboardcourses.ie/details/6126,"engineering, manufacturing, construction"
Sustainable Building Technology,Galway-Mayo Institute of Technology,Special Purpose Award,50,Part Time,2018-09-14,2018-09-14,2019-05-03,8,1,"['engineering', 'manufacturing', 'construction']",https://springboardcourses.ie/details/6109,"engineering, manufacturing, construction"
Special Purpose Award in Business Analytics,Galway-Mayo Institute of Technology,Special Purpose Award in Business Analytics,35,Part Time,2018-12-21,2019-01-07,2019-12-27,8,1,"['information', 'communication', 'technologies']",https://springboardcourses.ie/details/6108,"information, communication, technologies"
Quality for the Medical Device Industry,Galway-Mayo Institute of Technology,Module certificates form the Bachelor of Science in Quality for Industry (Honours) Degree,40,Part Time,2018-09-03,2018-09-17,2019-05-24,8,1,"['engineering', 'manufacturing', 'construction']",https://springboardcourses.ie/details/6107,"engineering, manufacturing, construction"
Post graduate certificate in Digital Media and Marketing,Galway-Mayo Institute of Technology,Post graduate Certificate,30,Part Time,2019-01-25,2019-01-28,2019-12-02,9,1,"['business', 'administration', 'law']",https://springboardcourses.ie/details/6106,"business, administration, law"
Higher Diploma in Engineering in Building Information Modelling (BIM),Galway-Mayo Institute of Technology,Higher Diploma in Engineering in Building Information Modelling (BIM),60,Part Time,2019-01-27,2019-03-15,2019-12-20,8,1,"['engineering', 'manufacturing', 'construction']",https://springboardcourses.ie/details/6105,"engineering, manufacturing, construction"
Certificate in Food Innovation and Entrepreneurship,Galway-Mayo Institute of Technology,Level 9 Certificate in Food Innovation and Entrepreneurship,30,Part Time,2018-11-01,2018-11-01,2019-02-01,9,1,"['business', 'administration', 'law']",https://springboardcourses.ie/details/6103,"business, administration, law"
Certificate in Data Protection,Galway-Mayo Institute of Technology,Special Purpose Award,30,Part Time,2019-01-10,2019-01-01,2019-12-01,8,1,"['information', 'communication', 'technologies']",https://springboardcourses.ie/details/6102,"information, communication, technologies"
"Certificate in Data Modelling, Analysis and Visualisation",Galway-Mayo Institute of Technology,Special Purpose Award,10,Part Time,2019-01-25,2019-02-01,2019-12-01,7,1,"['information', 'communication', 'technologies']",https://springboardcourses.ie/details/6101,"information, communication, technologies"
Certificate in Business in Agricultural Entrepreneurship,Galway-Mayo Institute of Technology,Certificate in Business in Agricultural Entrepreneurship,60,Part Time,2019-01-25,2019-01-25,2019-12-20,6,1,"['agriculture', 'forestry', 'fisheries', 'veterinary']",https://springboardcourses.ie/details/6100,"agriculture, forestry, fisheries, veterinary"
Bachelor of Engineering in Manufacturing Engineering,Galway-Mayo Institute of Technology,Bachelor of Engineering in Manufacturing Engineering (part-time),65,Part Time,2018-09-18,2018-09-19,2019-06-28,7,1,"['engineering', 'manufacturing', 'construction']",https://springboardcourses.ie/details/6099,"engineering, manufacturing, construction"
Higher Diploma in Science - Computing (Data Analytics)[2 year part-time],Galway-Mayo Institute of Technology,Higher Diploma in Science - Computing (Data Analytics)[1 year Full-time],75,Full Time,2019-01-23,2019-01-24,2020-05-29,8,1,"['information', 'communication', 'technologies']",https://springboardcourses.ie/details/6098,"information, communication, technologies"
Diploma in Food Supply Chain Operations,Dundalk Institute of Technology,Supplemental Award,60,Part Time,2018-09-20,2018-09-20,2019-08-31,7,1,"['engineering', 'manufacturing', 'construction']",https://springboardcourses.ie/details/6096,"engineering, manufacturing, construction"
Diploma in Food and Agri-business,Dundalk Institute of Technology,Supplemental Award,60,Part Time,2018-09-17,2018-09-24,2019-08-31,7,1,"['agriculture', 'forestry', 'fisheries', 'veterinary']",https://springboardcourses.ie/details/6095,"agriculture, forestry, fisheries, veterinary"
Certificate in Digital Marketing and Digital Media Management,Dundalk Institute of Technology,Special Purpose Award,30,Part Time,2018-08-31,2018-09-25,2019-05-30,7,1,"['business', 'administration', 'law']",https://springboardcourses.ie/details/6093,"business, administration, law"
Higher Diploma in Science in Data Analytics[2 Years Part-time],Dundalk Institute of Technology,Higher Diploma in Science in Data Analytics,60,Part Time,2018-09-24,2018-10-01,2020-06-19,8,1,"['information', 'communication', 'technologies']",https://springboardcourses.ie/details/6090,"information, communication, technologies"
Bachelor of Business in Digital Marketing and Sales,Dun Laoghaire Institute of Art Design &amp; Technology,Level 8 ,60,Part Time,2018-11-26,2018-11-28,2019-05-17,8,1,"['business', 'administration', 'law']",https://springboardcourses.ie/details/6088,"business, administration, law"
Postgraduate Certificate in Data Science,Dublin Institute of Technology,Postgraduate Certification in Data Science,35,Part Time,2018-08-31,2018-09-17,2019-05-31,9,1,"['information', 'communication', 'technologies']",https://springboardcourses.ie/details/6087,"information, communication, technologies"
Postgraduate Certificate in Building Performance (Energy Efficiency in Design),Dublin Institute of Technology,Postgraduate Certificate in Building Performance (Energy Efficiency in Design),30,Part Time,2018-07-18,2018-09-07,2019-05-17,9,1,"['engineering', 'manufacturing', 'construction']",https://springboardcourses.ie/details/6086,"engineering, manufacturing, construction"
Postgraduate Certificate in BIM Technologies,Dublin Institute of Technology,Postgraduate Certificate in BIM Technologies,30,Part Time,2018-08-01,2018-09-01,2019-05-01,9,1,"['engineering', 'manufacturing', 'construction']",https://springboardcourses.ie/details/6085,"engineering, manufacturing, construction"
CPD Diploma in Data Analysis for Professionals,Dublin Institute of Technology,Continuing Professional Development (CPD) Diploma in Data Analysis for Professionals,45,Part Time,2018-09-14,2018-09-17,2019-05-24,8,1,"['natural', 'sciences', 'mathematics', 'statistics']",https://springboardcourses.ie/details/6084,"natural, sciences, mathematics, statistics"
CPD Certificate in Medical Device Decontamination,Dublin Institute of Technology,CPD in Medical Device Decontamination,15,Part Time,2018-12-01,2019-01-01,2019-05-01,7,1,"['health', 'welfare']",https://springboardcourses.ie/details/6083,"health, welfare"
BSc in Logistics and Supply Chain Management,Dublin Institute of Technology,BSc Logistics and Supply Chain Management,60,Part Time,2018-09-03,2018-10-01,2019-08-30,8,1,"['business', 'administration', 'law']",https://springboardcourses.ie/details/6082,"business, administration, law"
Graduate Certificate in Data Analytics,Dublin City University,Graduate Certificate in Data Analytics,38,Part Time,2018-09-24,2018-09-24,2019-08-30,9,1,"['information', 'communication', 'technologies']",https://springboardcourses.ie/details/6078,"information, communication, technologies"
Certificate in Software Systems and Entrepreneurship,Dublin City University,Certificate in Software Systems and Entrepreneurship,68,Part Time,2018-08-27,2018-09-24,2019-08-31,8,1,"['information', 'communication', 'technologies']",https://springboardcourses.ie/details/6072,"information, communication, technologies"
Certificate in Information Technology,Dublin City University,Certificate in Information Technology,53,Part Time,2018-08-31,2018-09-24,2019-08-31,8,1,"['information', 'communication', 'technologies']",https://springboardcourses.ie/details/6071,"information, communication, technologies"
Certificate in Computing & Communications Technology,Dublin City University,Certificate in Computing and Communications Technology,53,Part Time,2018-08-27,2018-09-24,2019-08-31,8,1,"['information', 'communication', 'technologies']",https://springboardcourses.ie/details/6070,"information, communication, technologies"
HDSD Higher Diploma in Software Development [2 Years Part-time],Dublin City University,Higher Diploma Software Development,78,Part Time,2018-09-11,2018-09-24,2020-08-31,8,1,"['information', 'communication', 'technologies']",https://springboardcourses.ie/details/6068,"information, communication, technologies"
HDID Higher Diploma in Interaction Design [2 Years Part-time],Dublin City University,Higher Diploma,73,Part Time,2018-09-16,2018-09-24,2020-08-31,8,1,"['information', 'communication', 'technologies']",https://springboardcourses.ie/details/6067,"information, communication, technologies"
Diploma in Big Data for Business,Dublin Business School,QQI Level 7 Special Purpose Award,60,Part Time,2019-03-29,2019-03-29,2019-12-20,7,1,"['information', 'communication', 'technologies']",https://springboardcourses.ie/details/6066,"information, communication, technologies"
Certificate in Regulatory Technology (Regtech),Dublin Business School,QQI Level 8 Special Purpose Award,40,Part Time,2019-03-29,2019-03-29,2019-09-27,8,1,"['information', 'communication', 'technologies']",https://springboardcourses.ie/details/6063,"information, communication, technologies"
Certificate in Fund Accounting,Dublin Business School,QQI Level 7 Special Purpose Award,30,Part Time,2019-03-29,2019-03-29,2019-08-23,7,1,"['business', 'administration', 'law']",https://springboardcourses.ie/details/6060,"business, administration, law"
Certificate in Cloud Platform Development,Dublin Business School,QQI Level 7 Special Purpose Award,40,Part Time,2019-03-29,2019-03-29,2019-09-30,7,1,"['information', 'communication', 'technologies']",https://springboardcourses.ie/details/6056,"information, communication, technologies"
Higher Diploma in Financial Technology (Fintech) [2 Years Part-time],Dublin Business School,QQI Level 8 Higher Diploma in Science in Fintech,60,Part Time,2019-03-29,2019-03-29,2020-03-30,8,1,"['information', 'communication', 'technologies']",https://springboardcourses.ie/details/6050,"information, communication, technologies"
Higher Diploma in Data Analytics [2 Years Part-time],Dublin Business School,QQI Level 8 Higher Diploma in Science in Data Analytics,60,Part Time,2019-03-29,2019-03-29,2020-09-24,8,1,"['information', 'communication', 'technologies']",https://springboardcourses.ie/details/6046,"information, communication, technologies"
Bachelor of Business (Hons)  in International Business [January 2019],Dorset College,Bachelor of Business (Honours),60,Part Time,2019-01-14,2019-01-14,2019-08-30,8,1,"['business', 'administration', 'law']",https://springboardcourses.ie/details/6044,"business, administration, law"
Bachelor of Business (Hons)  in International Business [September 2018],Dorset College,Bachelor of Business (Honours),60,Part Time,2018-08-17,2018-09-17,2019-05-31,8,1,"['business', 'administration', 'law']",https://springboardcourses.ie/details/6043,"business, administration, law"
Special Purpose Award in Capital Markets,Cork Institute of Technology,Special Purpose Award,20,Part Time,2018-09-07,2018-09-01,2018-12-01,8,1,"['business', 'administration', 'law']",https://springboardcourses.ie/details/6038,"business, administration, law"
Certificate in Information Design & Development,Cork Institute of Technology,Postgraduate Certificate,30,Part Time,2018-09-06,2018-09-01,2019-05-01,9,1,"['information', 'communication', 'technologies']",https://springboardcourses.ie/details/6037,"information, communication, technologies"
Certificate in Validation Science,Cork Institute of Technology,Certificate in Validation Science ,10,Part Time,2018-08-29,2018-09-19,2019-08-31,7,1,"['engineering', 'manufacturing', 'construction']",https://springboardcourses.ie/details/6036,"engineering, manufacturing, construction"
Certificate in the Science of Biotechnological Manufacturing Operations,Cork Institute of Technology,10 Credit Special Purpose Award,10,Part Time,2018-09-18,2018-09-19,2019-05-30,6,1,"['engineering', 'manufacturing', 'construction']",https://springboardcourses.ie/details/6035,"engineering, manufacturing, construction"
Certificate in Cleanroom Manufacturing Practices ,Cork Institute of Technology,Special Purpose Award Certificate (10 credits),10,Part Time,2018-09-14,2018-09-17,2019-08-31,6,1,"['engineering', 'manufacturing', 'construction']",https://springboardcourses.ie/details/6034,"engineering, manufacturing, construction"
Certificate in Biopharmaceutical Supply Chain Management ,Cork Institute of Technology,Certificate in Biopharmaceutical Supply Chain Management ,20,Part Time,2018-09-30,2018-09-17,2019-08-31,8,1,"['engineering', 'manufacturing', 'construction']",https://springboardcourses.ie/details/6033,"engineering, manufacturing, construction"
Certificate in Automation & Control,Cork Institute of Technology,Certificate,20,Part Time,2018-08-31,2018-09-01,2019-05-01,7,1,"['generic', 'programmes', 'qualifications']",https://springboardcourses.ie/details/6032,"generic, programmes, qualifications"
Higher Diploma in Science in Data Science & Analytics[1 year Full-time],Cork Institute of Technology,Major,60,Full Time,2018-09-14,2018-09-17,2019-06-14,8,1,"['information', 'communication', 'technologies']",https://springboardcourses.ie/details/6031,"information, communication, technologies"
Higher Diploma in Science in Cloud Computing[2 Years Part-time],Cork Institute of Technology,Higher Diploma,60,Part Time,2018-09-01,2018-09-01,2020-06-01,8,1,"['information', 'communication', 'technologies']",https://springboardcourses.ie/details/6030,"information, communication, technologies"
3D Animation,Colaiste Dhulaigh College of Further Education,B.A. (Hons) In Animation,60,Part Time,2018-10-21,2018-10-22,2019-05-31,8,1,"['arts', 'humanities']",https://springboardcourses.ie/details/6029,"arts, humanities"
Higher Diploma in Science in Computing [2 Years Part-time] [February 2019],CCT College Dublin,QQI Higher Diploma in Science in Computing,75,Part Time,2019-02-21,2019-02-01,2020-12-01,8,1,"['information', 'communication', 'technologies']",https://springboardcourses.ie/details/6019,"information, communication, technologies"
CPD Diploma in Enterprise Development ,Bolton Trust,CPD Diploma in Enterprise Development ,35,Part Time,2018-11-01,2018-10-23,2019-05-24,7,1,"['business', 'administration', 'law']",https://springboardcourses.ie/details/6017,"business, administration, law"
Special Purpose Award in Robotics and Automation,Athlone Institute of Technology,Certificate - Level 6,40,Part Time,2019-01-27,2019-02-01,2019-12-01,6,1,"['engineering', 'manufacturing', 'construction']",https://springboardcourses.ie/details/6016,"engineering, manufacturing, construction"
Master of Science in Data Analytics,Athlone Institute of Technology,Master of Science in Data Analytics,90,Part Time,2019-01-10,2019-02-01,2019-12-01,9,1,"['information', 'communication', 'technologies']",https://springboardcourses.ie/details/6014,"information, communication, technologies"
Higher Diploma in Science in Data Analytics [2 Years Part-time],Athlone Institute of Technology,Higher Diploma in Science in Data Analytics,90,Part Time,2019-01-28,2019-01-28,2020-12-01,8,1,"['information', 'communication', 'technologies']",https://springboardcourses.ie/details/6000,"information, communication, technologies"
